flow_id,org_id,device_id,device_ip,collector_id,src_ip,dst_ip,protocol,src_port,dst_port,bytes,packets,start_time,end_time,application
flow-dev-1-1,org-123,dev-1,101.98.5.12,coll-1,101.98.5.12,103.12.72.49,TCP,1136,209,517,15,2023-11-01 08:17:17,2023-11-01 08:17:23,DNS
flow-dev-1-2,org-123,dev-1,101.98.5.12,coll-1,101.98.5.12,103.12.72.49,UDP,1153,222,534,20,2023-11-01 08:17:54,2023-11-01 08:18:27,SMTP
flow-dev-1-3,org-123,dev-1,101.98.5.12,coll-1,101.98.5.12,103.12.72.49,ICMP,1170,235,551,25,2023-11-01 08:18:31,2023-11-01 08:18:59,HTTP
flow-dev-1-4,org-123,dev-1,101.98.5.12,coll-1,101.98.5.12,103.12.72.49,TCP,1187,248,568,30,2023-11-01 08:19:08,2023-11-01 08:19:36,HTTPS
flow-dev-1-5,org-123,dev-1,101.98.5.12,coll-1,101.98.5.12,103.12.72.49,UDP,1204,261,585,35,2023-11-01 08:19:45,2023-11-01 08:20:09,SSH
flow-dev-1-6,org-123,dev-1,101.98.5.12,coll-1,101.98.5.12,103.12.72.49,ICMP,1221,274,602,40,2023-11-01 08:20:22,2023-11-01 08:20:44,FTP
flow-dev-1-7,org-123,dev-1,101.98.5.12,coll-1,101.98.5.12,103.12.72.49,TCP,1238,287,619,45,2023-11-01 08:20:59,2023-11-01 08:21:21,DNS
flow-dev-1-8,org-123,dev-1,101.98.5.12,coll-1,101.98.5.12,103.12.72.49,UDP,1255,300,636,50,2023-11-01 08:21:36,2023-11-01 08:21:58,SMTP
flow-dev-1-9,org-123,dev-1,101.98.5.12,coll-1,101.98.5.12,103.12.72.49,ICMP,1272,313,653,55,2023-11-01 08:22:13,2023-11-01 08:22:32,HTTP
flow-dev-1-10,org-123,dev-1,101.98.5.12,coll-1,101.98.5.12,103.12.72.49,TCP,1289,326,670,60,2023-11-01 08:22:50,2023-11-01 08:23:13,HTTPS
flow-dev-1-11,org-123,dev-1,101.98.5.12,coll-1,101.98.5.12,103.12.72.49,UDP,1306,339,687,65,2023-11-01 08:23:27,2023-11-01 08:23:47,SSH
flow-dev-1-12,org-123,dev-1,101.98.5.12,coll-1,101.98.5.12,103.12.72.49,ICMP,1323,352,704,70,2023-11-01 08:23:59,2023-11-01 08:24:26,FTP
flow-dev-1-13,org-123,dev-1,101.98.5.12,coll-1,101.98.5.12,103.12.72.49,TCP,1340,365,721,75,2023-11-01 08:24:37,2023-11-01 08:25:03,DNS
flow-dev-1-14,org-123,dev-1,101.98.5.12,coll-1,101.98.5.12,103.12.72.49,UDP,1357,378,738,80,2023-11-01 08:25:10,2023-11-01 08:25:36,SMTP
flow-dev-1-15,org-123,dev-1,101.98.5.12,coll-1,101.98.5.12,103.12.72.49,ICMP,1374,391,755,85,2023-11-01 08:25:57,2023-11-01 08:26:23,HTTP
flow-dev-2-1,org-123,dev-2,103.12.72.49,coll-1,103.12.72.49,103.16.102.20,TCP,1143,212,517,15,2023-11-01 08:33:37,2023-11-01 08:33:43,DNS
flow-dev-2-2,org-123,dev-2,103.12.72.49,coll-1,103.12.72.49,103.16.102.20,UDP,1160,225,534,20,2023-11-01 08:34:14,2023-11-01 08:34:47,SMTP
flow-dev-2-3,org-123,dev-2,103.12.72.49,coll-1,103.12.72.49,103.16.102.20,ICMP,1177,238,551,25,2023-11-01 08:34:51,2023-11-01 08:35:19,HTTP
flow-dev-2-4,org-123,dev-2,103.12.72.49,coll-1,103.12.72.49,103.16.102.20,TCP,1194,251,568,30,2023-11-01 08:35:28,2023-11-01 08:35:56,HTTPS
flow-dev-2-5,org-123,dev-2,103.12.72.49,coll-1,103.12.72.49,103.16.102.20,UDP,1211,264,585,35,2023-11-01 08:36:05,2023-11-01 08:36:29,SSH
flow-dev-2-6,org-123,dev-2,103.12.72.49,coll-1,103.12.72.49,103.16.102.20,ICMP,1228,277,602,40,2023-11-01 08:36:42,2023-11-01 08:37:04,FTP
flow-dev-2-7,org-123,dev-2,103.12.72.49,coll-1,103.12.72.49,103.16.102.20,TCP,1245,290,619,45,2023-11-01 08:37:19,2023-11-01 08:37:41,DNS
flow-dev-2-8,org-123,dev-2,103.12.72.49,coll-1,103.12.72.49,103.16.102.20,UDP,1262,303,636,50,2023-11-01 08:37:56,2023-11-01 08:38:18,SMTP
flow-dev-2-9,org-123,dev-2,103.12.72.49,coll-1,103.12.72.49,103.16.102.20,ICMP,1279,316,653,55,2023-11-01 08:38:33,2023-11-01 08:38:52,HTTP
flow-dev-2-10,org-123,dev-2,103.12.72.49,coll-1,103.12.72.49,103.16.102.20,TCP,1296,329,670,60,2023-11-01 08:39:10,2023-11-01 08:39:33,HTTPS
flow-dev-2-11,org-123,dev-2,103.12.72.49,coll-1,103.12.72.49,103.16.102.20,UDP,1313,342,687,65,2023-11-01 08:39:47,2023-11-01 08:40:07,SSH
flow-dev-2-12,org-123,dev-2,103.12.72.49,coll-1,103.12.72.49,103.16.102.20,ICMP,1330,355,704,70,2023-11-01 08:40:29,2023-11-01 08:40:56,FTP
flow-dev-2-13,org-123,dev-2,103.12.72.49,coll-1,103.12.72.49,103.16.102.20,TCP,1347,368,721,75,2023-11-01 08:41:07,2023-11-01 08:41:33,DNS
flow-dev-2-14,org-123,dev-2,103.12.72.49,coll-1,103.12.72.49,103.16.102.20,UDP,1364,381,738,80,2023-11-01 08:41:40,2023-11-01 08:42:06,SMTP
flow-dev-2-15,org-123,dev-2,103.12.72.49,coll-1,103.12.72.49,103.16.102.20,ICMP,1381,394,755,85,2023-11-01 08:42:11,2023-11-01 08:42:37,HTTP
flow-dev-3-1,org-123,dev-3,103.16.102.20,coll-1,103.16.102.20,103.16.102.30,TCP,1150,214,517,15,2023-11-01 08:50:17,2023-11-01 08:50:23,DNS
flow-dev-3-2,org-123,dev-3,103.16.102.20,coll-1,103.16.102.20,103.16.102.30,UDP,1167,227,534,20,2023-11-01 08:50:54,2023-11-01 08:51:27,SMTP
flow-dev-3-3,org-123,dev-3,103.16.102.20,coll-1,103.16.102.20,103.16.102.30,ICMP,1184,240,551,25,2023-11-01 08:51:31,2023-11-01 08:51:59,HTTP
flow-dev-3-4,org-123,dev-3,103.16.102.20,coll-1,103.16.102.20,103.16.102.30,TCP,1201,253,568,30,2023-11-01 08:52:08,2023-11-01 08:52:36,HTTPS
flow-dev-3-5,org-123,dev-3,103.16.102.20,coll-1,103.16.102.20,103.16.102.30,UDP,1218,266,585,35,2023-11-01 08:52:45,2023-11-01 08:53:09,SSH
flow-dev-3-6,org-123,dev-3,103.16.102.20,coll-1,103.16.102.20,103.16.102.30,ICMP,1235,279,602,40,2023-11-01 08:53:22,2023-11-01 08:53:44,FTP
flow-dev-3-7,org-123,dev-3,103.16.102.20,coll-1,103.16.102.20,103.16.102.30,TCP,1252,292,619,45,2023-11-01 08:53:59,2023-11-01 08:54:21,DNS
flow-dev-3-8,org-123,dev-3,103.16.102.20,coll-1,103.16.102.20,103.16.102.30,UDP,1269,305,636,50,2023-11-01 08:54:36,2023-11-01 08:54:58,SMTP
flow-dev-3-9,org-123,dev-3,103.16.102.20,coll-1,103.16.102.20,103.16.102.30,ICMP,1286,318,653,55,2023-11-01 08:55:13,2023-11-01 08:55:32,HTTP
flow-dev-3-10,org-123,dev-3,103.16.102.20,coll-1,103.16.102.20,103.16.102.30,TCP,1303,331,670,60,2023-11-01 08:55:50,2023-11-01 08:56:13,HTTPS
flow-dev-3-11,org-123,dev-3,103.16.102.20,coll-1,103.16.102.20,103.16.102.30,UDP,1320,344,687,65,2023-11-01 08:56:27,2023-11-01 08:56:47,SSH
flow-dev-3-12,org-123,dev-3,103.16.102.20,coll-1,103.16.102.20,103.16.102.30,ICMP,1337,357,704,70,2023-11-01 08:57:09,2023-11-01 08:57:36,FTP
flow-dev-3-13,org-123,dev-3,103.16.102.20,coll-1,103.16.102.20,103.16.102.30,TCP,1354,370,721,75,2023-11-01 08:57:47,2023-11-01 09:00:03,DNS
flow-dev-3-14,org-123,dev-3,103.16.102.20,coll-1,103.16.102.20,103.16.102.30,UDP,1371,383,738,80,2023-11-01 09:00:10,2023-11-01 09:00:36,SMTP
flow-dev-3-15,org-123,dev-3,103.16.102.20,coll-1,103.16.102.20,103.16.102.30,ICMP,1388,396,755,85,2023-11-01 09:00:51,2023-11-01 09:01:17,HTTP
flow-dev-4-1,org-123,dev-4,103.16.102.30,coll-1,103.16.102.30,103.16.102.34,TCP,1157,216,517,15,2023-11-01 09:08:17,2023-11-01 09:08:23,DNS
flow-dev-4-2,org-123,dev-4,103.16.102.30,coll-1,103.16.102.30,103.16.102.34,UDP,1174,229,534,20,2023-11-01 09:08:54,2023-11-01 09:09:27,SMTP
flow-dev-4-3,org-123,dev-4,103.16.102.30,coll-1,103.16.102.30,103.16.102.34,ICMP,1191,242,551,25,2023-11-01 09:09:31,2023-11-01 09:09:59,HTTP
flow-dev-4-4,org-123,dev-4,103.16.102.30,coll-1,103.16.102.30,103.16.102.34,TCP,1208,255,568,30,2023-11-01 09:10:08,2023-11-01 09:10:36,HTTPS
flow-dev-4-5,org-123,dev-4,103.16.102.30,coll-1,103.16.102.30,103.16.102.34,UDP,1225,268,585,35,2023-11-01 09:10:45,2023-11-01 09:11:09,SSH
flow-dev-4-6,org-123,dev-4,103.16.102.30,coll-1,103.16.102.30,103.16.102.34,ICMP,1242,281,602,40,2023-11-01 09:11:22,2023-11-01 09:11:44,FTP
flow-dev-4-7,org-123,dev-4,103.16.102.30,coll-1,103.16.102.30,103.16.102.34,TCP,1259,294,619,45,2023-11-01 09:11:59,2023-11-01 09:12:21,DNS
flow-dev-4-8,org-123,dev-4,103.16.102.30,coll-1,103.16.102.30,103.16.102.34,UDP,1276,307,636,50,2023-11-01 09:12:36,2023-11-01 09:12:58,SMTP
flow-dev-4-9,org-123,dev-4,103.16.102.30,coll-1,103.16.102.30,103.16.102.34,ICMP,1293,320,653,55,2023-11-01 09:13:13,2023-11-01 09:13:32,HTTP
flow-dev-4-10,org-123,dev-4,103.16.102.30,coll-1,103.16.102.30,103.16.102.34,TCP,1310,333,670,60,2023-11-01 09:13:50,2023-11-01 09:14:13,HTTPS
flow-dev-4-11,org-123,dev-4,103.16.102.30,coll-1,103.16.102.30,103.16.102.34,UDP,1327,346,687,65,2023-11-01 09:14:27,2023-11-01 09:14:47,SSH
flow-dev-4-12,org-123,dev-4,103.16.102.30,coll-1,103.16.102.30,103.16.102.34,ICMP,1344,359,704,70,2023-11-01 09:15:09,2023-11-01 09:15:36,FTP
flow-dev-4-13,org-123,dev-4,103.16.102.30,coll-1,103.16.102.30,103.16.102.34,TCP,1361,372,721,75,2023-11-01 09:15:47,2023-11-01 09:16:03,DNS
flow-dev-4-14,org-123,dev-4,103.16.102.30,coll-1,103.16.102.30,103.16.102.34,UDP,1378,385,738,80,2023-11-01 09:16:10,2023-11-01 09:16:36,SMTP
flow-dev-4-15,org-123,dev-4,103.16.102.30,coll-1,103.16.102.30,103.16.102.34,ICMP,1395,398,755,85,2023-11-01 09:16:51,2023-11-01 09:17:17,HTTP
flow-dev-5-1,org-123,dev-5,103.16.102.34,coll-1,103.16.102.34,103.225.136.1,TCP,1158,218,517,15,2023-11-01 09:24:17,2023-11-01 09:24:23,DNS
flow-dev-5-2,org-123,dev-5,103.16.102.34,coll-1,103.16.102.34,103.225.136.1,UDP,1175,231,534,20,2023-11-01 09:24:54,2023-11-01 09:25:27,SMTP
flow-dev-5-3,org-123,dev-5,103.16.102.34,coll-1,103.16.102.34,103.225.136.1,ICMP,1192,244,551,25,2023-11-01 09:25:31,2023-11-01 09:25:59,HTTP
flow-dev-5-4,org-123,dev-5,103.16.102.34,coll-1,103.16.102.34,103.225.136.1,TCP,1209,257,568,30,2023-11-01 09:26:08,2023-11-01 09:26:36,HTTPS
flow-dev-5-5,org-123,dev-5,103.16.102.34,coll-1,103.16.102.34,103.225.136.1,UDP,1226,270,585,35,2023-11-01 09:26:45,2023-11-01 09:27:09,SSH
flow-dev-5-6,org-123,dev-5,103.16.102.34,coll-1,103.16.102.34,103.225.136.1,ICMP,1243,283,602,40,2023-11-01 09:27:22,2023-11-01 09:27:44,FTP
flow-dev-5-7,org-123,dev-5,103.16.102.34,coll-1,103.16.102.34,103.225.136.1,TCP,1260,296,619,45,2023-11-01 09:27:59,2023-11-01 09:28:21,DNS
flow-dev-5-8,org-123,dev-5,103.16.102.34,coll-1,103.16.102.34,103.225.136.1,UDP,1277,309,636,50,2023-11-01 09:28:36,2023-11-01 09:28:58,SMTP
flow-dev-5-9,org-123,dev-5,103.16.102.34,coll-1,103.16.102.34,103.225.136.1,ICMP,1294,322,653,55,2023-11-01 09:29:13,2023-11-01 09:29:32,HTTP
flow-dev-5-10,org-123,dev-5,103.16.102.34,coll-1,103.16.102.34,103.225.136.1,TCP,1311,335,670,60,2023-11-01 09:29:50,2023-11-01 09:30:13,HTTPS
flow-dev-5-11,org-123,dev-5,103.16.102.34,coll-1,103.16.102.34,103.225.136.1,UDP,1328,348,687,65,2023-11-01 09:30:27,2023-11-01 09:30:47,SSH
flow-dev-5-12,org-123,dev-5,103.16.102.34,coll-1,103.16.102.34,103.225.136.1,ICMP,1345,361,704,70,2023-11-01 09:31:09,2023-11-01 09:31:36,FTP
flow-dev-5-13,org-123,dev-5,103.16.102.34,coll-1,103.16.102.34,103.225.136.1,TCP,1362,374,721,75,2023-11-01 09:31:47,2023-11-01 09:32:03,DNS
flow-dev-5-14,org-123,dev-5,103.16.102.34,coll-1,103.16.102.34,103.225.136.1,UDP,1379,387,738,80,2023-11-01 09:32:10,2023-11-01 09:32:36,SMTP
flow-dev-5-15,org-123,dev-5,103.16.102.34,coll-1,103.16.102.34,103.225.136.1,ICMP,1396,400,755,85,2023-11-01 09:32:51,2023-11-01 09:33:17,HTTP
flow-dev-30-15,org-123,dev-30,129.143.136.29,coll-2,129.143.136.29,101.98.5.12,ICMP,5861,382,10793,57,2023-11-01 17:01:16,2023-11-01 17:01:47,SMTP
flow-dev-1-1,org-123,dev-1,101.98.5.12,coll-1,101.98.5.12,103.12.72.49,TCP,1136,209,517,15,2023-11-01 08:17:17,2023-11-01 08:17:23,DNS
flow-dev-1-2,org-123,dev-1,101.98.5.12,coll-1,101.98.5.12,103.12.72.49,UDP,1153,222,534,20,2023-11-01 08:17:54,2023-11-01 08:18:27,SMTP
flow-dev-1-3,org-123,dev-1,101.98.5.12,coll-1,101.98.5.12,103.12.72.49,ICMP,1170,235,551,25,2023-11-01 08:18:31,2023-11-01 08:18:59,HTTP
flow-dev-1-4,org-123,dev-1,101.98.5.12,coll-1,101.98.5.12,103.12.72.49,TCP,1187,248,568,30,2023-11-01 08:19:08,2023-11-01 08:19:36,HTTPS
flow-dev-1-5,org-123,dev-1,101.98.5.12,coll-1,101.98.5.12,103.12.72.49,UDP,1204,261,585,35,2023-11-01 08:19:45,2023-11-01 08:20:09,SSH
flow-dev-1-6,org-123,dev-1,101.98.5.12,coll-1,101.98.5.12,103.12.72.49,ICMP,1221,274,602,40,2023-11-01 08:20:22,2023-11-01 08:20:44,FTP
flow-dev-1-7,org-123,dev-1,101.98.5.12,coll-1,101.98.5.12,103.12.72.49,TCP,1238,287,619,45,2023-11-01 08:20:59,2023-11-01 08:21:21,DNS
flow-dev-1-8,org-123,dev-1,101.98.5.12,coll-1,101.98.5.12,103.12.72.49,UDP,1255,300,636,50,2023-11-01 08:21:36,2023-11-01 08:21:58,SMTP
flow-dev-1-9,org-123,dev-1,101.98.5.12,coll-1,101.98.5.12,103.12.72.49,ICMP,1272,313,653,55,2023-11-01 08:22:13,2023-11-01 08:22:32,HTTP
flow-dev-1-10,org-123,dev-1,101.98.5.12,coll-1,101.98.5.12,103.12.72.49,TCP,1289,326,670,60,2023-11-01 08:22:50,2023-11-01 08:23:13,HTTPS
flow-dev-1-11,org-123,dev-1,101.98.5.12,coll-1,101.98.5.12,103.12.72.49,UDP,1306,339,687,65,2023-11-01 08:23:27,2023-11-01 08:23:47,SSH
flow-dev-1-12,org-123,dev-1,101.98.5.12,coll-1,101.98.5.12,103.12.72.49,ICMP,1323,352,704,70,2023-11-01 08:23:59,2023-11-01 08:24:26,FTP
flow-dev-1-13,org-123,dev-1,101.98.5.12,coll-1,101.98.5.12,103.12.72.49,TCP,1340,365,721,75,2023-11-01 08:24:37,2023-11-01 08:25:03,DNS
flow-dev-1-14,org-123,dev-1,101.98.5.12,coll-1,101.98.5.12,103.12.72.49,UDP,1357,378,738,80,2023-11-01 08:25:10,2023-11-01 08:25:36,SMTP
flow-dev-1-15,org-123,dev-1,101.98.5.12,coll-1,101.98.5.12,103.12.72.49,ICMP,1374,391,755,85,2023-11-01 08:25:57,2023-11-01 08:26:23,HTTP
flow-dev-2-1,org-123,dev-2,103.12.72.49,coll-1,103.12.72.49,103.16.102.20,TCP,1143,212,517,15,2023-11-01 08:33:37,2023-11-01 08:33:43,DNS
flow-dev-2-2,org-123,dev-2,103.12.72.49,coll-1,103.12.72.49,103.16.102.20,UDP,1160,225,534,20,2023-11-01 08:34:14,2023-11-01 08:34:47,SMTP
flow-dev-2-3,org-123,dev-2,103.12.72.49,coll-1,103.12.72.49,103.16.102.20,ICMP,1177,238,551,25,2023-11-01 08:34:51,2023-11-01 08:35:19,HTTP
flow-dev-2-4,org-123,dev-2,103.12.72.49,coll-1,103.12.72.49,103.16.102.20,TCP,1194,251,568,30,2023-11-01 08:35:28,2023-11-01 08:35:56,HTTPS
flow-dev-2-5,org-123,dev-2,103.12.72.49,coll-1,103.12.72.49,103.16.102.20,UDP,1211,264,585,35,2023-11-01 08:36:05,2023-11-01 08:36:29,SSH
flow-dev-2-6,org-123,dev-2,103.12.72.49,coll-1,103.12.72.49,103.16.102.20,ICMP,1228,277,602,40,2023-11-01 08:36:42,2023-11-01 08:37:04,FTP
flow-dev-2-7,org-123,dev-2,103.12.72.49,coll-1,103.12.72.49,103.16.102.20,TCP,1245,290,619,45,2023-11-01 08:37:19,2023-11-01 08:37:41,DNS
flow-dev-2-8,org-123,dev-2,103.12.72.49,coll-1,103.12.72.49,103.16.102.20,UDP,1262,303,636,50,2023-11-01 08:37:56,2023-11-01 08:38:18,SMTP
flow-dev-2-9,org-123,dev-2,103.12.72.49,coll-1,103.12.72.49,103.16.102.20,ICMP,1279,316,653,55,2023-11-01 08:38:33,2023-11-01 08:38:52,HTTP
flow-dev-2-10,org-123,dev-2,103.12.72.49,coll-1,103.12.72.49,103.16.102.20,TCP,1296,329,670,60,2023-11-01 08:39:10,2023-11-01 08:39:33,HTTPS
flow-dev-2-11,org-123,dev-2,103.12.72.49,coll-1,103.12.72.49,103.16.102.20,UDP,1313,342,687,65,2023-11-01 08:39:47,2023-11-01 08:40:07,SSH
flow-dev-2-12,org-123,dev-2,103.12.72.49,coll-1,103.12.72.49,103.16.102.20,ICMP,1330,355,704,70,2023-11-01 08:40:29,2023-11-01 08:40:56,FTP
flow-dev-2-13,org-123,dev-2,103.12.72.49,coll-1,103.12.72.49,103.16.102.20,TCP,1347,368,721,75,2023-11-01 08:41:07,2023-11-01 08:41:33,DNS
flow-dev-2-14,org-123,dev-2,103.12.72.49,coll-1,103.12.72.49,103.16.102.20,UDP,1364,381,738,80,2023-11-01 08:41:40,2023-11-01 08:42:06,SMTP
flow-dev-2-15,org-123,dev-2,103.12.72.49,coll-1,103.12.72.49,103.16.102.20,ICMP,1381,394,755,85,2023-11-01 08:42:11,2023-11-01 08:42:37,HTTP
flow-dev-3-1,org-123,dev-3,103.16.102.20,coll-1,103.16.102.20,103.16.102.30,TCP,1150,212,517,15,2023-11-01 08:50:17,2023-11-01 08:50:23,DNS
flow-dev-3-2,org-123,dev-3,103.16.102.20,coll-1,103.16.102.20,103.16.102.30,UDP,1167,225,534,20,2023-11-01 08:50:54,2023-11-01 08:51:27,SMTP
flow-dev-3-3,org-123,dev-3,103.16.102.20,coll-1,103.16.102.20,103.16.102.30,ICMP,1184,238,551,25,2023-11-01 08:51:31,2023-11-01 08:51:59,HTTP
flow-dev-3-4,org-123,dev-3,103.16.102.20,coll-1,103.16.102.20,103.16.102.30,TCP,1201,251,568,30,2023-11-01 08:52:08,2023-11-01 08:52:36,HTTPS
flow-dev-3-5,org-123,dev-3,103.16.102.20,coll-1,103.16.102.20,103.16.102.30,UDP,1218,264,585,35,2023-11-01 08:52:45,2023-11-01 08:53:09,SSH
flow-dev-3-6,org-123,dev-3,103.16.102.20,coll-1,103.16.102.20,103.16.102.30,ICMP,1235,277,602,40,2023-11-01 08:53:22,2023-11-01 08:53:44,FTP
flow-dev-3-7,org-123,dev-3,103.16.102.20,coll-1,103.16.102.20,103.16.102.30,TCP,1252,290,619,45,2023-11-01 08:53:59,2023-11-01 08:54:21,DNS
flow-dev-3-8,org-123,dev-3,103.16.102.20,coll-1,103.16.102.20,103.16.102.30,UDP,1269,303,636,50,2023-11-01 08:54:36,2023-11-01 08:54:58,SMTP
flow-dev-3-9,org-123,dev-3,103.16.102.20,coll-1,103.16.102.20,103.16.102.30,ICMP,1286,316,653,55,2023-11-01 08:55:13,2023-11-01 08:55:32,HTTP
flow-dev-3-10,org-123,dev-3,103.16.102.20,coll-1,103.16.102.20,103.16.102.30,TCP,1303,329,670,60,2023-11-01 08:55:50,2023-11-01 08:56:13,HTTPS
flow-dev-3-11,org-123,dev-3,103.16.102.20,coll-1,103.16.102.20,103.16.102.30,UDP,1320,342,687,65,2023-11-01 08:56:27,2023-11-01 08:56:47,SSH
flow-dev-3-12,org-123,dev-3,103.16.102.20,coll-1,103.16.102.20,103.16.102.30,ICMP,1337,355,704,70,2023-11-01 08:57:09,2023-11-01 08:57:36,FTP
flow-dev-3-13,org-123,dev-3,103.16.102.20,coll-1,103.16.102.20,103.16.102.30,TCP,1354,368,721,75,2023-11-01 08:57:47,2023-11-01 09:00:03,DNS
flow-dev-3-14,org-123,dev-3,103.16.102.20,coll-1,103.16.102.20,103.16.102.30,UDP,1371,381,738,80,2023-11-01 09:00:10,2023-11-01 09:00:36,SMTP
flow-dev-3-15,org-123,dev-3,103.16.102.20,coll-1,103.16.102.20,103.16.102.30,ICMP,1388,394,755,85,2023-11-01 09:00:51,2023-11-01 09:01:17,HTTP
flow-dev-4-1,org-123,dev-4,103.16.102.30,coll-1,103.16.102.30,103.16.102.34,TCP,1157,216,517,15,2023-11-01 09:08:17,2023-11-01 09:08:23,DNS
flow-dev-4-2,org-123,dev-4,103.16.102.30,coll-1,103.16.102.30,103.16.102.34,UDP,1174,229,534,20,2023-11-01 09:08:54,2023-11-01 09:09:27,SMTP
flow-dev-4-3,org-123,dev-4,103.16.102.30,coll-1,103.16.102.30,103.16.102.34,ICMP,1191,242,551,25,2023-11-01 09:09:31,2023-11-01 09:09:59,HTTP
flow-dev-4-4,org-123,dev-4,103.16.102.30,coll-1,103.16.102.30,103.16.102.34,TCP,1208,255,568,30,2023-11-01 09:10:08,2023-11-01 09:10:36,HTTPS
flow-dev-4-5,org-123,dev-4,103.16.102.30,coll-1,103.16.102.30,103.16.102.34,UDP,1225,268,585,35,2023-11-01 09:10:45,2023-11-01 09:11:09,SSH
flow-dev-4-6,org-123,dev-4,103.16.102.30,coll-1,103.16.102.30,103.16.102.34,ICMP,1242,281,602,40,2023-11-01 09:11:22,2023-11-01 09:11:44,FTP
flow-dev-4-7,org-123,dev-4,103.16.102.30,coll-1,103.16.102.30,103.16.102.34,TCP,1259,294,619,45,2023-11-01 09:11:59,2023-11-01 09:12:21,DNS
flow-dev-4-8,org-123,dev-4,103.16.102.30,coll-1,103.16.102.30,103.16.102.34,UDP,1276,307,636,50,2023-11-01 09:12:36,2023-11-01 09:12:58,SMTP
flow-dev-4-9,org-123,dev-4,103.16.102.30,coll-1,103.16.102.30,103.16.102.34,ICMP,1293,320,653,55,2023-11-01 09:13:13,2023-11-01 09:13:32,HTTP
flow-dev-4-10,org-123,dev-4,103.16.102.30,coll-1,103.16.102.30,103.16.102.34,TCP,1310,333,670,60,2023-11-01 09:13:50,2023-11-01 09:14:13,HTTPS
flow-dev-4-11,org-123,dev-4,103.16.102.30,coll-1,103.16.102.30,103.16.102.34,UDP,1327,346,687,65,2023-11-01 09:14:27,2023-11-01 09:14:47,SSH
flow-dev-4-12,org-123,dev-4,103.16.102.30,coll-1,103.16.102.30,103.16.102.34,ICMP,1344,359,704,70,2023-11-01 09:15:09,2023-11-01 09:15:36,FTP
flow-dev-4-13,org-123,dev-4,103.16.102.30,coll-1,103.16.102.30,103.16.102.34,TCP,1361,372,721,75,2023-11-01 09:15:47,2023-11-01 09:16:03,DNS
flow-dev-4-14,org-123,dev-4,103.16.102.30,coll-1,103.16.102.30,103.16.102.34,UDP,1378,385,738,80,2023-11-01 09:16:10,2023-11-01 09:16:36,SMTP
flow-dev-4-15,org-123,dev-4,103.16.102.30,coll-1,103.16.102.30,103.16.102.34,ICMP,1395,398,755,85,2023-11-01 09:16:51,2023-11-01 09:17:17,HTTP
flow-dev-5-1,org-123,dev-5,103.16.102.34,coll-1,103.16.102.34,103.225.136.1,TCP,1158,218,517,15,2023-11-01 09:24:17,2023-11-01 09:24:23,DNS
flow-dev-5-2,org-123,dev-5,103.16.102.34,coll-1,103.16.102.34,103.225.136.1,UDP,1175,231,534,20,2023-11-01 09:24:54,2023-11-01 09:25:27,SMTP
flow-dev-5-3,org-123,dev-5,103.16.102.34,coll-1,103.16.102.34,103.225.136.1,ICMP,1192,244,551,25,2023-11-01 09:25:31,2023-11-01 09:25:59,HTTP
flow-dev-5-4,org-123,dev-5,103.16.102.34,coll-1,103.16.102.34,103.225.136.1,TCP,1209,257,568,30,2023-11-01 09:26:08,2023-11-01 09:26:36,HTTPS
flow-dev-5-5,org-123,dev-5,103.16.102.34,coll-1,103.16.102.34,103.225.136.1,UDP,1226,270,585,35,2023-11-01 09:26:45,2023-11-01 09:27:09,SSH
flow-dev-5-6,org-123,dev-5,103.16.102.34,coll-1,103.16.102.34,103.225.136.1,ICMP,1243,283,602,40,2023-11-01 09:27:22,2023-11-01 09:27:44,FTP
flow-dev-5-7,org-123,dev-5,103.16.102.34,coll-1,103.16.102.34,103.225.136.1,TCP,1260,296,619,45,2023-11-01 09:27:59,2023-11-01 09:28:21,DNS
flow-dev-5-8,org-123,dev-5,103.16.102.34,coll-1,103.16.102.34,103.225.136.1,UDP,1277,309,636,50,2023-11-01 09:28:36,2023-11-01 09:28:58,SMTP
flow-dev-5-9,org-123,dev-5,103.16.102.34,coll-1,103.16.102.34,103.225.136.1,ICMP,1294,322,653,55,2023-11-01 09:29:13,2023-11-01 09:29:32,HTTP
flow-dev-5-10,org-123,dev-5,103.16.102.34,coll-1,103.16.102.34,103.225.136.1,TCP,1311,335,670,60,2023-11-01 09:29:50,2023-11-01 09:30:13,HTTPS
flow-dev-5-11,org-123,dev-5,103.16.102.34,coll-1,103.16.102.34,103.225.136.1,UDP,1328,348,687,65,2023-11-01 09:30:27,2023-11-01 09:30:47,SSH
flow-dev-5-12,org-123,dev-5,103.16.102.34,coll-1,103.16.102.34,103.225.136.1,ICMP,1345,361,704,70,2023-11-01 09:31:09,2023-11-01 09:31:36,FTP
flow-dev-5-13,org-123,dev-5,103.16.102.34,coll-1,103.16.102.34,103.225.136.1,TCP,1362,374,721,75,2023-11-01 09:31:47,2023-11-01 09:32:03,DNS
flow-dev-5-14,org-123,dev-5,103.16.102.34,coll-1,103.16.102.34,103.225.136.1,UDP,1379,387,738,80,2023-11-01 09:32:10,2023-11-01 09:32:36,SMTP
flow-dev-5-15,org-123,dev-5,103.16.102.34,coll-1,103.16.102.34,103.225.136.1,ICMP,1396,400,755,85,2023-11-01 09:32:51,2023-11-01 09:33:17,HTTP
flow-dev-6-1,org-123,dev-6,103.225.136.1,coll-1,103.225.136.1,103.225.136.10,TCP,1158,218,517,15,2023-11-01 09:40:17,2023-11-01 09:40:23,DNS
flow-dev-30-15,org-123,dev-30,129.143.136.29,coll-2,129.143.136.29,101.98.5.12,ICMP,5861,382,10793,57,2023-11-01 17:01:16,2023-11-01 17:01:47,SMTP
newFlow-dev-1-1,org-123,dev-1,101.98.5.12,coll-1,101.98.5.12,103.12.72.49,TCP,1041,24,517,15,2023-11-02 08:05:45,2023-11-02 08:05:51,HTTPS
newFlow-dev-1-2,org-123,dev-1,101.98.5.12,coll-1,101.98.5.12,103.12.72.49,UDP,1048,37,534,20,2023-11-02 08:06:30,2023-11-02 08:06:37,SSH
newFlow-dev-1-3,org-123,dev-1,101.98.5.12,coll-1,101.98.5.12,103.12.72.49,ICMP,1055,50,551,25,2023-11-02 08:07:15,2023-11-02 08:07:23,FTP
newFlow-dev-1-4,org-123,dev-1,101.98.5.12,coll-1,101.98.5.12,103.12.72.49,TCP,1062,63,568,30,2023-11-02 08:08:00,2023-11-02 08:08:09,DNS
newFlow-dev-1-5,org-123,dev-1,101.98.5.12,coll-1,101.98.5.12,103.12.72.49,UDP,1069,76,585,35,2023-11-02 08:08:45,2023-11-02 08:08:55,SMTP
newFlow-dev-1-6,org-123,dev-1,101.98.5.12,coll-1,101.98.5.12,103.12.72.49,ICMP,1076,89,602,40,2023-11-02 08:09:30,2023-11-02 08:09:41,HTTP
newFlow-dev-1-7,org-123,dev-1,101.98.5.12,coll-1,101.98.5.12,103.12.72.49,TCP,1083,102,619,45,2023-11-02 08:10:15,2023-11-02 08:10:27,HTTPS
newFlow-dev-2-1,org-123,dev-2,103.12.72.49,coll-1,103.12.72.49,103.16.102.20,TCP,1051,34,534,20,2023-11-02 08:10:45,2023-11-02 08:10:51,HTTPS
newFlow-dev-2-2,org-123,dev-2,103.12.72.49,coll-1,103.12.72.49,103.16.102.20,UDP,1058,47,568,30,2023-11-02 08:11:30,2023-11-02 08:11:37,SSH
newFlow-dev-2-3,org-123,dev-2,103.12.72.49,coll-1,103.12.72.49,103.16.102.20,ICMP,1065,60,585,35,2023-11-02 08:12:15,2023-11-02 08:12:23,FTP
newFlow-dev-2-4,org-123,dev-2,103.12.72.49,coll-1,103.12.72.49,103.16.102.20,TCP,1072,73,602,40,2023-11-02 08:13:00,2023-11-02 08:13:09,DNS
newFlow-dev-2-5,org-123,dev-2,103.12.72.49,coll-1,103.12.72.49,103.16.102.20,UDP,1079,86,619,45,2023-11-02 08:13:45,2023-11-02 08:13:55,SMTP
newFlow-dev-2-6,org-123,dev-2,103.12.72.49,coll-1,103.12.72.49,103.16.102.20,ICMP,1086,99,636,50,2023-11-02 08:14:30,2023-11-02 08:14:40,HTTP
newFlow-dev-2-7,org-123,dev-2,103.12.72.49,coll-1,103.12.72.49,103.16.102.20,TCP,1093,112,653,55,2023-11-02 08:15:15,2023-11-02 08:15:26,HTTPS
newFlow-dev-3-1,org-123,dev-3,103.16.102.20,coll-1,103.16.102.20,103.16.102.30,TCP,1061,36,551,25,2023-11-02 08:15:45,2023-11-02 08:15:53,HTTPS
newFlow-dev-3-2,org-123,dev-3,103.16.102.20,coll-1,103.16.102.20,103.16.102.30,UDP,1068,49,568,30,2023-11-02 08:16:30,2023-11-02 08:16:37,SSH
newFlow-dev-3-3,org-123,dev-3,103.16.102.20,coll-1,103.16.102.20,103.16.102.30,ICMP,1075,62,585,35,2023-11-02 08:17:15,2023-11-02 08:17:23,FTP
newFlow-dev-3-4,org-123,dev-3,103.16.102.20,coll-1,103.16.102.20,103.16.102.30,TCP,1082,75,602,40,2023-11-02 08:18:00,2023-11-02 08:18:09,DNS
newFlow-dev-3-5,org-123,dev-3,103.16.102.20,coll-1,103.16.102.20,103.16.102.30,UDP,1089,88,619,45,2023-11-02 08:18:45,2023-11-02 08:18:55,SMTP
newFlow-dev-3-6,org-123,dev-3,103.16.102.20,coll-1,103.16.102.20,103.16.102.30,ICMP,1096,101,636,50,2023-11-02 08:19:30,2023-11-02 08:19:41,HTTP
newFlow-dev-3-7,org-123,dev-3,103.16.102.20,coll-1,103.16.102.20,103.16.102.30,TCP,1103,114,653,55,2023-11-02 08:20:15,2023-11-02 08:20:27,HTTPS
newFlow-dev-3-8,org-123,dev-3,103.16.102.20,coll-1,103.16.102.20,103.16.102.30,UDP,1110,127,670,60,2023-11-02 08:21:00,2023-11-02 08:21:13,SSH
newFlow-dev-3-9,org-123,dev-3,103.16.102.20,coll-1,103.16.102.20,103.16.102.30,ICMP,1117,140,687,65,2023-11-02 08:21:45,2023-11-02 08:21:56,FTP
newFlow-dev-3-10,org-123,dev-3,103.16.102.20,coll-1,103.16.102.20,103.16.102.30,TCP,1124,153,704,70,2023-11-02 08:22:30,2023-11-02 08:22:41,DNS
newFlow-dev-3-11,org-123,dev-3,103.16.102.20,coll-1,103.16.102.20,103.16.102.30,UDP,1131,166,721,75,2023-11-02 08:23:15,2023-11-02 08:23:26,SMTP
newFlow-dev-3-12,org-123,dev-3,103.16.102.20,coll-1,103.16.102.20,103.16.102.30,ICMP,1138,179,738,80,2023-11-02 08:24:00,2023-11-02 08:24:11,HTTP
newFlow-dev-3-13,org-123,dev-3,103.16.102.20,coll-1,103.16.102.20,103.16.102.30,TCP,1145,192,755,85,2023-11-02 08:24:45,2023-11-02 08:24:57,HTTPS
newFlow-dev-3-14,org-123,dev-3,103.16.102.20,coll-1,103.16.102.20,103.16.102.30,UDP,1152,205,771,90,2023-11-02 08:25:30,2023-11-02 08:25:42,SSH
newFlow-dev-3-15,org-123,dev-3,103.16.102.20,coll-1,103.16.102.20,103.16.102.30,ICMP,1159,218,788,95,2023-11-02 08:26:15,2023-11-02 08:26:28,FTP
newFlow-dev-4-1,org-123,dev-4,103.16.102.30,coll-1,103.16.102.30,103.16.102.34,TCP,1061,36,551,25,2023-11-02 08:26:45,2023-11-02 08:26:53,HTTPS
newFlow-dev-4-2,org-123,dev-4,103.16.102.30,coll-1,103.16.102.30,103.16.102.34,UDP,1068,49,568,30,2023-11-02 08:27:30,2023-11-02 08:27:37,SSH
newFlow-dev-4-3,org-123,dev-4,103.16.102.30,coll-1,103.16.102.30,103.16.102.34,ICMP,1075,62,585,35,2023-11-02 08:28:15,2023-11-02 08:28:23,FTP
newFlow-dev-4-4,org-123,dev-4,103.16.102.30,coll-1,103.16.102.30,103.16.102.34,TCP,1082,75,602,40,2023-11-02 08:29:00,2023-11-02 08:29:09,DNS
newFlow-dev-4-5,org-123,dev-4,103.16.102.30,coll-1,103.16.102.30,103.16.102.34,UDP,1089,88,619,45,2023-11-02 08:29:45,2023-11-02 08:29:55,SMTP
newFlow-dev-4-6,org-123,dev-4,103.16.102.30,coll-1,103.16.102.30,103.16.102.34,ICMP,1096,101,636,50,2023-11-02 08:30:30,2023-11-02 08:30:41,HTTP
newFlow-dev-4-7,org-123,dev-4,103.16.102.30,coll-1,103.16.102.30,103.16.102.34,TCP,1103,114,653,55,2023-11-02 08:31:15,2023-11-02 08:31:27,HTTPS
newFlow-dev-4-8,org-123,dev-4,103.16.102.30,coll-1,103.16.102.30,103.16.102.34,UDP,1110,127,670,60,2023-11-02 08:32:00,2023-11-02 08:32:13,SSH
newFlow-dev-4-9,org-123,dev-4,103.16.102.30,coll-1,103.16.102.30,103.16.102.34,ICMP,1117,140,687,65,2023-11-02 08:32:45,2023-11-02 08:32:56,FTP
newFlow-dev-4-10,org-123,dev-4,103.16.102.30,coll-1,103.16.102.30,103.16.102.34,TCP,1124,153,704,70,2023-11-02 08:33:30,2023-11-02 08:33:41,DNS
newFlow-dev-4-11,org-123,dev-4,103.16.102.30,coll-1,103.16.102.30,103.16.102.34,UDP,1131,166,721,75,2023-11-02 08:34:15,2023-11-02 08:34:26,SMTP
newFlow-dev-4-12,org-123,dev-4,103.16.102.30,coll-1,103.16.102.30,103.16.102.34,ICMP,1138,179,738,80,2023-11-02 08:35:00,2023-11-02 08:35:11,HTTP
newFlow-dev-4-13,org-123,dev-4,103.16.102.30,coll-1,103.16.102.30,103.16.102.34,TCP,1145,192,755,85,2023-11-02 08:35:45,2023-11-02 08:35:57,HTTPS
newFlow-dev-4-14,org-123,dev-4,103.16.102.30,coll-1,103.16.102.30,103.16.102.34,UDP,1152,205,771,90,2023-11-02 08:36:30,2023-11-02 08:36:42,SSH
newFlow-dev-4-15,org-123,dev-4,103.16.102.30,coll-1,103.16.102.30,103.16.102.34,ICMP,1159,218,788,95,2023-11-02 08:37:15,2023-11-02 08:37:28,FTP
newFlow-dev-5-1,org-123,dev-5,103.16.102.34,coll-1,103.16.102.34,103.225.136.1,TCP,1062,36,551,25,2023-11-02 08:37:45,2023-11-02 08:37:53,HTTPS
newFlow-dev-5-2,org-123,dev-5,103.16.102.34,coll-1,103.16.102.34,103.225.136.1,UDP,1069,49,568,30,2023-11-02 08:38:30,2023-11-02 08:38:37,SSH
newFlow-dev-5-3,org-123,dev-5,103.16.102.34,coll-1,103.16.102.34,103.225.136.1,ICMP,1076,62,585,35,2023-11-02 08:39:15,2023-11-02 08:39:23,FTP
newFlow-dev-5-4,org-123,dev-5,103.16.102.34,coll-1,103.16.102.34,103.225.136.1,TCP,1083,75,602,40,2023-11-02 08:40:00,2023-11-02 08:40:09,DNS
newFlow-dev-5-5,org-123,dev-5,103.16.102.34,coll-1,103.16.102.34,103.225.136.1,UDP,1090,88,619,45,2023-11-02 08:40:45,2023-11-02 08:40:55,SMTP
newFlow-dev-5-6,org-123,dev-5,103.16.102.34,coll-1,103.16.102.34,103.225.136.1,ICMP,1097,101,636,50,2023-11-02 08:41:30,2023-11-02 08:41:41,HTTP
newFlow-dev-5-7,org-123,dev-5,103.16.102.34,coll-1,103.16.102.34,103.225.136.1,TCP,1104,114,653,55,2023-11-02 08:42:15,2023-11-02 08:42:27,HTTPS
newFlow-dev-6-1,org-123,dev-6,103.225.136.1,coll-1,103.225.136.1,103.225.136.10,TCP,1071,32,510,20,2023-11-02 08:42:45,2023-11-02 08:42:51,HTTPS
newFlow-dev-6-2,org-123,dev-6,103.225.136.1,coll-1,103.225.136.1,103.225.136.10,UDP,1078,45,527,25,2023-11-02 08:43:30,2023-11-02 08:43:37,SSH
newFlow-dev-6-3,org-123,dev-6,103.225.136.1,coll-1,103.225.136.1,103.225.136.10,ICMP,1085,58,544,30,2023-11-02 08:44:15,2023-11-02 08:44:23,FTP
newFlow-dev-6-4,org-123,dev-6,103.225.136.1,coll-1,103.225.136.1,103.225.136.10,TCP,1092,71,561,35,2023-11-02 08:45:00,2023-11-02 08:45:09,DNS
newFlow-dev-6-5,org-123,dev-6,103.225.136.1,coll-1,103.225.136.1,103.225.136.10,UDP,1099,84,578,40,2023-11-02 08:45:45,2023-11-02 08:45:55,SMTP
newFlow-dev-6-6,org-123,dev-6,103.225.136.1,coll-1,103.225.136.1,103.225.136.10,ICMP,1106,97,595,45,2023-11-02 08:46:30,2023-11-02 08:46:41,HTTP
newFlow-dev-6-7,org-123,dev-6,103.225.136.1,coll-1,103.225.136.1,103.225.136.10,TCP,1113,110,612,50,2023-11-02 08:47:15,2023-11-02 08:47:27,HTTPS
newFlow-dev-7-1,org-123,dev-7,103.225.136.10,coll-1,103.225.136.10,103.225.136.17,TCP,1072,34,510,20,2023-11-02 08:47:45,2023-11-02 08:47:51,HTTPS
newFlow-dev-7-2,org-123,dev-7,103.225.136.10,coll-1,103.225.136.10,103.225.136.17,UDP,1079,47,527,25,2023-11-02 08:48:30,2023-11-02 08:48:37,SSH
newFlow-dev-7-3,org-123,dev-7,103.225.136.10,coll-1,103.225.136.10,103.225.136.17,ICMP,1086,60,544,30,2023-11-02 08:49:15,2023-11-02 08:49:23,FTP
newFlow-dev-7-4,org-123,dev-7,103.225.136.10,coll-1,103.225.136.10,103.225.136.17,TCP,1093,73,561,35,2023-11-02 08:50:00,2023-11-02 08:50:09,DNS
newFlow-dev-7-5,org-123,dev-7,103.225.136.10,coll-1,103.225.136.10,103.225.136.17,UDP,1100,86,578,40,2023-11-02 08:50:45,2023-11-02 08:50:55,SMTP
newFlow-dev-7-6,org-123,dev-7,103.225.136.10,coll-1,103.225.136.10,103.225.136.17,ICMP,1107,99,595,45,2023-11-02 08:51:30,2023-11-02 08:51:41,HTTP
newFlow-dev-7-7,org-123,dev-7,103.225.136.10,coll-1,103.225.136.10,103.225.136.17,TCP,1114,112,612,50,2023-11-02 08:52:15,2023-11-02 08:52:27,HTTPS
newFlow-dev-8-1,org-123,dev-8,103.225.136.17,coll-1,103.225.136.17,103.225.137.49,TCP,1073,36,510,20,2023-11-02 08:52:45,2023-11-02 08:52:51,HTTPS
newFlow-dev-8-2,org-123,dev-8,103.225.136.17,coll-1,103.225.136.17,103.225.137.49,UDP,1080,49,527,25,2023-11-02 08:53:30,2023-11-02 08:53:37,SSH
newFlow-dev-8-3,org-123,dev-8,103.225.136.17,coll-1,103.225.136.17,103.225.137.49,ICMP,1087,62,544,30,2023-11-02 08:54:15,2023-11-02 08:54:23,FTP
newFlow-dev-8-4,org-123,dev-8,103.225.136.17,coll-1,103.225.136.17,103.225.137.49,TCP,1094,75,561,35,2023-11-02 08:55:00,2023-11-02 08:55:09,DNS
newFlow-dev-8-5,org-123,dev-8,103.225.136.17,coll-1,103.225.136.17,103.225.137.49,UDP,1101,88,578,40,2023-11-02 08:55:45,2023-11-02 08:55:55,SMTP
newFlow-dev-9-1,org-123,dev-9,103.225.137.49,coll-1,103.225.137.49,103.225.4.30,TCP,1074,34,510,20,2023-11-02 08:56:15,2023-11-02 08:56:21,HTTPS
newFlow-dev-9-2,org-123,dev-9,103.225.137.49,coll-1,103.225.137.49,103.225.4.30,UDP,1081,47,527,25,2023-11-02 08:57:00,2023-11-02 08:57:07,SSH
newFlow-dev-9-3,org-123,dev-9,103.225.137.49,coll-1,103.225.137.49,103.225.4.30,ICMP,1088,60,544,30,2023-11-02 08:57:45,2023-11-02 08:57:53,FTP
newFlow-dev-9-4,org-123,dev-9,103.225.137.49,coll-1,103.225.137.49,103.225.4.30,TCP,1095,73,561,35,2023-11-02 08:58:30,2023-11-02 08:58:39,DNS
newFlow-dev-9-5,org-123,dev-9,103.225.137.49,coll-1,103.225.137.49,103.225.4.30,UDP,1102,86,578,40,2023-11-02 08:59:15,2023-11-02 08:59:25,SMTP
newFlow-dev-9-6,org-123,dev-9,103.225.137.49,coll-1,103.225.137.49,103.225.4.30,ICMP,1109,99,595,45,2023-11-02 09:00:00,2023-11-02 09:00:11,HTTP
newFlow-dev-9-7,org-123,dev-9,103.225.137.49,coll-1,103.225.137.49,103.225.4.30,TCP,1116,112,612,50,2023-11-02 09:00:45,2023-11-02 09:00:57,HTTPS
newFlow-dev-10-1,org-123,dev-10,103.225.4.30,coll-1,103.225.4.30,103.27.31.17,TCP,1075,36,510,20,2023-11-02 09:01:15,2023-11-02 09:01:21,HTTPS
newFlow-dev-10-2,org-123,dev-10,103.225.4.30,coll-1,103.225.4.30,103.27.31.17,UDP,1082,49,527,25,2023-11-02 09:02:00,2023-11-02 09:02:07,SSH
newFlow-dev-10-3,org-123,dev-10,103.225.4.30,coll-1,103.225.4.30,103.27.31.17,ICMP,1089,62,544,30,2023-11-02 09:02:45,2023-11-02 09:02:53,FTP
newFlow-dev-10-4,org-123,dev-10,103.225.4.30,coll-1,103.225.4.30,103.27.31.17,TCP,1096,75,561,35,2023-11-02 09:03:30,2023-11-02 09:03:39,DNS
newFlow-dev-10-5,org-123,dev-10,103.225.4.30,coll-1,103.225.4.30,103.27.31.17,UDP,1103,88,578,40,2023-11-02 09:04:15,2023-11-02 09:04:25,SMTP
newFlow-dev-10-6,org-123,dev-10,103.225.4.30,coll-1,103.225.4.30,103.27.31.17,ICMP,1110,101,595,45,2023-11-02 09:05:00,2023-11-02 09:05:11,HTTP
newFlow-dev-10-7,org-123,dev-10,103.225.4.30,coll-1,103.225.4.30,103.27.31.17,TCP,1117,114,612,50,2023-11-02 09:05:45,2023-11-02 09:05:57,HTTPS
newFlow-dev-11-1,org-123,dev-11,103.27.31.17,coll-1,103.27.31.17,103.28.72.21,TCP,1076,36,510,20,2023-11-02 09:06:15,2023-11-02 09:06:21,HTTPS
newFlow-dev-11-2,org-123,dev-11,103.27.31.17,coll-1,103.27.31.17,103.28.72.21,UDP,1083,49,527,25,2023-11-02 09:07:00,2023-11-02 09:07:07,SSH
newFlow-dev-11-3,org-123,dev-11,103.27.31.17,coll-1,103.27.31.17,103.28.72.21,ICMP,1090,62,544,30,2023-11-02 09:07:45,2023-11-02 09:07:53,FTP
newFlow-dev-11-4,org-123,dev-11,103.27.31.17,coll-1,103.27.31.17,103.28.72.21,TCP,1097,75,561,35,2023-11-02 09:08:30,2023-11-02 09:08:39,DNS
newFlow-dev-11-5,org-123,dev-11,103.27.31.17,coll-1,103.27.31.17,103.28.72.21,UDP,1104,88,578,40,2023-11-02 09:09:15,2023-11-02 09:09:25,SMTP
newFlow-dev-11-6,org-123,dev-11,103.27.31.17,coll-1,103.27.31.17,103.28.72.21,ICMP,1111,101,595,45,2023-11-02 09:10:00,2023-11-02 09:10:11,HTTP
newFlow-dev-11-7,org-123,dev-11,103.27.31.17,coll-1,103.27.31.17,103.28.72.21,TCP,1118,114,612,50,2023-11-02 09:10:45,2023-11-02 09:10:57,HTTPS
newFlow-dev-12-1,org-123,dev-12,103.28.72.21,coll-1,103.28.72.21,103.7.251.125,TCP,1077,36,510,20,2023-11-02 09:11:15,2023-11-02 09:11:21,HTTPS
newFlow-dev-12-2,org-123,dev-12,103.28.72.21,coll-1,103.28.72.21,103.7.251.125,UDP,1084,49,527,25,2023-11-02 09:12:00,2023-11-02 09:12:07,SSH
newFlow-dev-12-3,org-123,dev-12,103.28.72.21,coll-1,103.28.72.21,103.7.251.125,ICMP,1091,62,544,30,2023-11-02 09:12:45,2023-11-02 09:12:53,FTP
newFlow-dev-12-4,org-123,dev-12,103.28.72.21,coll-1,103.28.72.21,103.7.251.125,TCP,1098,75,561,35,2023-11-02 09:13:30,2023-11-02 09:13:39,DNS
newFlow-dev-12-5,org-123,dev-12,103.28.72.21,coll-1,103.28.72.21,103.7.251.125,UDP,1105,88,578,40,2023-11-02 09:14:15,2023-11-02 09:14:25,SMTP
newFlow-dev-12-6,org-123,dev-12,103.28.72.21,coll-1,103.28.72.21,103.7.251.125,ICMP,1112,101,595,45,2023-11-02 09:15:00,2023-11-02 09:15:11,HTTP
newFlow-dev-12-7,org-123,dev-12,103.28.72.21,coll-1,103.28.72.21,103.7.251.125,TCP,1119,114,612,50,2023-11-02 09:15:45,2023-11-02 09:15:57,HTTPS
newFlow-dev-13-1,org-123,dev-13,103.7.251.125,coll-1,103.7.251.125,104.19.0.1,TCP,1078,36,510,20,2023-11-02 09:16:15,2023-11-02 09:16:21,HTTPS
newFlow-dev-13-2,org-123,dev-13,103.7.251.125,coll-1,103.7.251.125,104.19.0.1,UDP,1085,49,527,25,2023-11-02 09:17:00,2023-11-02 09:17:07,SSH
newFlow-dev-13-3,org-123,dev-13,103.7.251.125,coll-1,103.7.251.125,104.19.0.1,ICMP,1092,62,544,30,2023-11-02 09:17:45,2023-11-02 09:17:53,FTP
newFlow-dev-13-4,org-123,dev-13,103.7.251.125,coll-1,103.7.251.125,104.19.0.1,TCP,1099,75,561,35,2023-11-02 09:18:30,2023-11-02 09:18:39,DNS
newFlow-dev-13-5,org-123,dev-13,103.7.251.125,coll-1,103.7.251.125,104.19.0.1,UDP,1106,88,578,40,2023-11-02 09:19:15,2023-11-02 09:19:25,SMTP
newFlow-dev-13-6,org-123,dev-13,103.7.251.125,coll-1,103.7.251.125,104.19.0.1,ICMP,1113,101,595,45,2023-11-02 09:20:00,2023-11-02 09:20:11,HTTP
newFlow-dev-13-7,org-123,dev-13,103.7.251.125,coll-1,103.7.251.125,104.19.0.1,TCP,1120,114,612,50,2023-11-02 09:20:45,2023-11-02 09:20:57,HTTPS
newFlow-dev-14-1,org-123,dev-14,104.19.0.1,coll-1,104.19.0.1,105.16.113.253,TCP,1079,36,510,20,2023-11-02 09:21:15,2023-11-02 09:21:21,HTTPS
newFlow-dev-14-2,org-123,dev-14,104.19.0.1,coll-1,104.19.0.1,105.16.113.253,UDP,1086,49,527,25,2023-11-02 09:22:00,2023-11-02 09:22:07,SSH
newFlow-dev-14-3,org-123,dev-14,104.19.0.1,coll-1,104.19.0.1,105.16.113.253,ICMP,1093,62,544,30,2023-11-02 09:22:45,2023-11-02 09:22:53,FTP
newFlow-dev-14-4,org-123,dev-14,104.19.0.1,coll-1,104.19.0.1,105.16.113.253,TCP,1100,75,561,35,2023-11-02 09:23:30,2023-11-02 09:23:39,DNS
newFlow-dev-14-5,org-123,dev-14,104.19.0.1,coll-1,104.19.0.1,105.16.113.253,UDP,1107,88,578,40,2023-11-02 09:24:15,2023-11-02 09:24:25,SMTP
newFlow-dev-14-6,org-123,dev-14,104.19.0.1,coll-1,104.19.0.1,105.16.113.253,ICMP,1114,101,595,45,2023-11-02 09:25:00,2023-11-02 09:25:11,HTTP
newFlow-dev-14-7,org-123,dev-14,104.19.0.1,coll-1,104.19.0.1,105.16.113.253,TCP,1121,114,612,50,2023-11-02 09:25:45,2023-11-02 09:25:57,HTTPS
newFlow-dev-15-1,org-123,dev-15,105.16.113.253,coll-1,105.16.113.253,105.16.17.14,TCP,1080,36,510,20,2023-11-02 09:26:15,2023-11-02 09:26:21,HTTPS
newFlow-dev-15-2,org-123,dev-15,105.16.113.253,coll-1,105.16.113.253,105.16.17.14,UDP,1087,49,527,25,2023-11-02 09:27:00,2023-11-02 09:27:07,SSH
newFlow-dev-15-3,org-123,dev-15,105.16.113.253,coll-1,105.16.113.253,105.16.17.14,ICMP,1094,62,544,30,2023-11-02 09:27:45,2023-11-02 09:27:53,FTP
newFlow-dev-15-4,org-123,dev-15,105.16.113.253,coll-1,105.16.113.253,105.16.17.14,TCP,1101,75,561,35,2023-11-02 09:28:30,2023-11-02 09:28:39,DNS
newFlow-dev-15-5,org-123,dev-15,105.16.113.253,coll-1,105.16.113.253,105.16.17.14,UDP,1108,88,578,40,2023-11-02 09:29:15,2023-11-02 09:29:25,SMTP
newFlow-dev-15-6,org-123,dev-15,105.16.113.253,coll-1,105.16.113.253,105.16.17.14,ICMP,1115,101,595,45,2023-11-02 09:30:00,2023-11-02 09:30:11,HTTP
newFlow-dev-15-7,org-123,dev-15,105.16.113.253,coll-1,105.16.113.253,105.16.17.14,TCP,1122,114,612,50,2023-11-02 09:30:45,2023-11-02 09:30:57,HTTPS
newFlow-dev-16-1,org-123,dev-16,105.16.17.14,coll-1,105.16.17.14,105.16.17.8,TCP,1081,36,510,20,2023-11-02 09:31:15,2023-11-02 09:31:21,HTTPS
newFlow-dev-16-2,org-123,dev-16,105.16.17.14,coll-1,105.16.17.14,105.16.17.8,UDP,1088,49,527,25,2023-11-02 09:32:00,2023-11-02 09:32:07,SSH
newFlow-dev-16-3,org-123,dev-16,105.16.17.14,coll-1,105.16.17.14,105.16.17.8,ICMP,1095,62,544,30,2023-11-02 09:32:45,2023-11-02 09:32:53,FTP
newFlow-dev-16-4,org-123,dev-16,105.16.17.14,coll-1,105.16.17.14,105.16.17.8,TCP,1102,75,561,35,2023-11-02 09:33:30,2023-11-02 09:33:39,DNS
newFlow-dev-16-5,org-123,dev-16,105.16.17.14,coll-1,105.16.17.14,105.16.17.8,UDP,1109,88,578,40,2023-11-02 09:34:15,2023-11-02 09:34:25,SMTP
newFlow-dev-16-6,org-123,dev-16,105.16.17.14,coll-1,105.16.17.14,105.16.17.8,ICMP,1116,101,595,45,2023-11-02 09:35:00,2023-11-02 09:35:11,HTTP
newFlow-dev-16-7,org-123,dev-16,105.16.17.14,coll-1,105.16.17.14,105.16.17.8,TCP,1123,114,612,50,2023-11-02 09:35:45,2023-11-02 09:35:57,HTTPS
newFlow-dev-17-1,org-123,dev-17,105.16.17.8,coll-1,105.16.17.8,105.16.169.253,TCP,1082,36,510,20,2023-11-02 09:36:15,2023-11-02 09:36:21,HTTPS
newFlow-dev-17-2,org-123,dev-17,105.16.17.8,coll-1,105.16.17.8,105.16.169.253,UDP,1089,49,527,25,2023-11-02 09:37:00,2023-11-02 09:37:07,SSH
newFlow-dev-17-3,org-123,dev-17,105.16.17.8,coll-1,105.16.17.8,105.16.169.253,ICMP,1096,62,544,30,2023-11-02 09:37:45,2023-11-02 09:37:53,FTP
newFlow-dev-17-4,org-123,dev-17,105.16.17.8,coll-1,105.16.17.8,105.16.169.253,TCP,1103,75,561,35,2023-11-02 09:38:30,2023-11-02 09:38:39,DNS
newFlow-dev-17-5,org-123,dev-17,105.16.17.8,coll-1,105.16.17.8,105.16.169.253,UDP,1110,88,578,40,2023-11-02 09:39:15,2023-11-02 09:39:25,SMTP
newFlow-dev-17-6,org-123,dev-17,105.16.17.8,coll-1,105.16.17.8,105.16.169.253,ICMP,1117,101,595,45,2023-11-02 09:40:00,2023-11-02 09:40:11,HTTP
newFlow-dev-17-7,org-123,dev-17,105.16.17.8,coll-1,105.16.17.8,105.16.169.253,TCP,1124,114,612,50,2023-11-02 09:40:45,2023-11-02 09:40:57,HTTPS
newFlow-dev-18-1,org-123,dev-18,105.16.169.253,coll-1,105.16.169.253,108.59.15.108,TCP,1083,36,510,20,2023-11-02 09:41:15,2023-11-02 09:41:21,HTTPS
newFlow-dev-18-2,org-123,dev-18,105.16.169.253,coll-1,105.16.169.253,108.59.15.108,UDP,1090,49,527,25,2023-11-02 09:42:00,2023-11-02 09:42:07,SSH
newFlow-dev-18-3,org-123,dev-18,105.16.169.253,coll-1,105.16.169.253,108.59.15.108,ICMP,1097,62,544,30,2023-11-02 09:42:45,2023-11-02 09:42:53,FTP
newFlow-dev-18-4,org-123,dev-18,105.16.169.253,coll-1,105.16.169.253,108.59.15.108,TCP,1104,75,561,35,2023-11-02 09:43:30,2023-11-02 09:43:39,DNS
newFlow-dev-18-5,org-123,dev-18,105.16.169.253,coll-1,105.16.169.253,108.59.15.108,UDP,1111,88,578,40,2023-11-02 09:44:15,2023-11-02 09:44:25,SMTP
newFlow-dev-19-1,org-123,dev-19,108.59.15.108,coll-1,108.59.15.108,109.74.147.188,TCP,1084,36,510,20,2023-11-02 09:44:45,2023-11-02 09:44:51,HTTPS
newFlow-dev-19-2,org-123,dev-19,108.59.15.108,coll-1,108.59.15.108,109.74.147.188,UDP,1091,49,527,25,2023-11-02 09:45:30,2023-11-02 09:45:37,SSH
newFlow-dev-19-3,org-123,dev-19,108.59.15.108,coll-1,108.59.15.108,109.74.147.188,ICMP,1098,62,544,30,2023-11-02 09:46:15,2023-11-02 09:46:23,FTP
newFlow-dev-19-4,org-123,dev-19,108.59.15.108,coll-1,108.59.15.108,109.74.147.188,TCP,1105,75,561,35,2023-11-02 09:47:00,2023-11-02 09:47:09,DNS
newFlow-dev-19-5,org-123,dev-19,108.59.15.108,coll-1,108.59.15.108,109.74.147.188,UDP,1112,88,578,40,2023-11-02 09:47:45,2023-11-02 09:47:55,SMTP
newFlow-dev-20-1,org-123,dev-20,109.74.147.188,coll-1,109.74.147.188,110.164.71.193,TCP,1085,36,510,20,2023-11-02 09:48:15,2023-11-02 09:48:21,HTTPS
newFlow-dev-20-2,org-123,dev-20,109.74.147.188,coll-1,109.74.147.188,110.164.71.193,UDP,1092,49,527,25,2023-11-02 09:49:00,2023-11-02 09:49:07,SSH
newFlow-dev-20-3,org-123,dev-20,109.74.147.188,coll-1,109.74.147.188,110.164.71.193,ICMP,1099,62,544,30,2023-11-02 09:49:45,2023-11-02 09:49:53,FTP
newFlow-dev-20-4,org-123,dev-20,109.74.147.188,coll-1,109.74.147.188,110.164.71.193,TCP,1106,75,561,35,2023-11-02 09:50:30,2023-11-02 09:50:39,DNS
newFlow-dev-20-5,org-123,dev-20,109.74.147.188,coll-1,109.74.147.188,110.164.71.193,UDP,1113,88,578,40,2023-11-02 09:51:15,2023-11-02 09:51:25,SMTP
newFlow-dev-20-6,org-123,dev-20,109.74.147.188,coll-1,109.74.147.188,110.164.71.193,ICMP,1120,101,595,45,2023-11-02 09:52:00,2023-11-02 09:52:11,HTTP
newFlow-dev-20-7,org-123,dev-20,109.74.147.188,coll-1,109.74.147.188,110.164.71.193,TCP,1127,114,612,50,2023-11-02 09:52:45,2023-11-02 09:52:57,HTTPS
newFlow-dev-21-1,org-123,dev-21,110.164.71.193,coll-2,110.164.71.193,111.87.3.5,TCP,1086,36,510,20,2023-11-02 09:53:15,2023-11-02 09:53:21,HTTPS
newFlow-dev-21-2,org-123,dev-21,110.164.71.193,coll-2,110.164.71.193,111.87.3.5,UDP,1093,49,527,25,2023-11-02 09:54:00,2023-11-02 09:54:07,SSH
newFlow-dev-21-3,org-123,dev-21,110.164.71.193,coll-2,110.164.71.193,111.87.3.5,ICMP,1100,62,544,30,2023-11-02 09:54:45,2023-11-02 09:54:53,FTP
newFlow-dev-21-4,org-123,dev-21,110.164.71.193,coll-2,110.164.71.193,111.87.3.5,TCP,1107,75,561,35,2023-11-02 09:55:30,2023-11-02 09:55:39,DNS
newFlow-dev-21-5,org-123,dev-21,110.164.71.193,coll-2,110.164.71.193,111.87.3.5,UDP,1114,88,578,40,2023-11-02 09:56:15,2023-11-02 09:56:25,SMTP
newFlow-dev-21-6,org-123,dev-21,110.164.71.193,coll-2,110.164.71.193,111.87.3.5,ICMP,1121,101,595,45,2023-11-02 09:57:00,2023-11-02 09:57:11,HTTP
newFlow-dev-22-1,org-123,dev-22,111.87.3.5,coll-2,111.87.3.5,112.190.193.5,TCP,1087,36,510,20,2023-11-02 09:57:30,2023-11-02 09:57:36,HTTPS
newFlow-dev-22-2,org-123,dev-22,111.87.3.5,coll-2,111.87.3.5,112.190.193.5,UDP,1094,49,527,25,2023-11-02 09:58:15,2023-11-02 09:58:22,SSH
newFlow-dev-22-3,org-123,dev-22,111.87.3.5,coll-2,111.87.3.5,112.190.193.5,ICMP,1101,62,544,30,2023-11-02 09:59:00,2023-11-02 09:59:08,FTP
newFlow-dev-22-4,org-123,dev-22,111.87.3.5,coll-2,111.87.3.5,112.190.193.5,TCP,1108,75,561,35,2023-11-02 09:59:45,2023-11-02 09:59:54,DNS
newFlow-dev-22-5,org-123,dev-22,111.87.3.5,coll-2,111.87.3.5,112.190.193.5,UDP,1115,88,578,40,2023-11-02 10:00:30,2023-11-02 10:00:40,SMTP
newFlow-dev-22-6,org-123,dev-22,111.87.3.5,coll-2,111.87.3.5,112.190.193.5,ICMP,1122,101,595,45,2023-11-02 10:01:15,2023-11-02 10:01:26,HTTP
newFlow-dev-22-7,org-123,dev-22,111.87.3.5,coll-2,111.87.3.5,112.190.193.5,TCP,1129,114,612,50,2023-11-02 10:02:00,2023-11-02 10:02:12,HTTPS
newFlow-dev-23-1,org-123,dev-23,112.190.193.5,coll-2,112.190.193.5,116.66.193.173,TCP,1088,36,510,20,2023-11-02 10:02:30,2023-11-02 10:02:36,HTTPS
newFlow-dev-23-2,org-123,dev-23,112.190.193.5,coll-2,112.190.193.5,116.66.193.173,UDP,1095,49,527,25,2023-11-02 10:03:15,2023-11-02 10:03:22,SSH
newFlow-dev-23-3,org-123,dev-23,112.190.193.5,coll-2,112.190.193.5,116.66.193.173,ICMP,1102,62,544,30,2023-11-02 10:04:00,2023-11-02 10:04:08,FTP
newFlow-dev-23-4,org-123,dev-23,112.190.193.5,coll-2,112.190.193.5,116.66.193.173,TCP,1109,75,561,35,2023-11-02 10:04:45,2023-11-02 10:04:54,DNS
newFlow-dev-23-5,org-123,dev-23,112.190.193.5,coll-2,112.190.193.5,116.66.193.173,UDP,1116,88,578,40,2023-11-02 10:05:30,2023-11-02 10:05:40,SMTP
newFlow-dev-23-6,org-123,dev-23,112.190.193.5,coll-2,112.190.193.5,116.66.193.173,ICMP,1123,101,595,45,2023-11-02 10:06:15,2023-11-02 10:06:26,HTTP
newFlow-dev-24-1,org-123,dev-24,116.66.193.173,coll-2,116.66.193.173,118.103.136.101,TCP,1089,36,510,20,2023-11-02 10:06:45,2023-11-02 10:06:51,HTTPS
newFlow-dev-24-2,org-123,dev-24,116.66.193.173,coll-2,116.66.193.173,118.103.136.101,UDP,1096,49,527,25,2023-11-02 10:07:30,2023-11-02 10:07:37,SSH
newFlow-dev-24-3,org-123,dev-24,116.66.193.173,coll-2,116.66.193.173,118.103.136.101,ICMP,1103,62,544,30,2023-11-02 10:08:15,2023-11-02 10:08:23,FTP
newFlow-dev-24-4,org-123,dev-24,116.66.193.173,coll-2,116.66.193.173,118.103.136.101,TCP,1110,75,561,35,2023-11-02 10:09:00,2023-11-02 10:09:09,DNS
newFlow-dev-24-5,org-123,dev-24,116.66.193.173,coll-2,116.66.193.173,118.103.136.101,UDP,1117,88,578,40,2023-11-02 10:09:45,2023-11-02 10:09:55,SMTP
newFlow-dev-25-1,org-123,dev-25,118.103.136.101,coll-2,118.103.136.101,119.2.119.49,TCP,1090,36,510,20,2023-11-02 10:10:15,2023-11-02 10:10:21,HTTPS
newFlow-dev-25-2,org-123,dev-25,118.103.136.101,coll-2,118.103.136.101,119.2.119.49,UDP,1097,49,527,25,2023-11-02 10:11:00,2023-11-02 10:11:07,SSH
newFlow-dev-25-3,org-123,dev-25,118.103.136.101,coll-2,118.103.136.101,119.2.119.49,ICMP,1104,62,544,30,2023-11-02 10:11:45,2023-11-02 10:11:53,FTP
newFlow-dev-25-4,org-123,dev-25,118.103.136.101,coll-2,118.103.136.101,119.2.119.49,TCP,1111,75,561,35,2023-11-02 10:12:30,2023-11-02 10:12:39,DNS
newFlow-dev-26-1,org-123,dev-26,119.2.119.49,coll-2,119.2.119.49,124.211.34.133,TCP,1091,36,510,20,2023-11-02 10:13:15,2023-11-02 10:13:21,HTTPS
newFlow-dev-26-2,org-123,dev-26,119.2.119.49,coll-2,119.2.119.49,124.211.34.133,UDP,1098,49,527,25,2023-11-02 10:14:00,2023-11-02 10:14:07,SSH
newFlow-dev-26-3,org-123,dev-26,119.2.119.49,coll-2,119.2.119.49,124.211.34.133,ICMP,1105,62,544,30,2023-11-02 10:14:45,2023-11-02 10:14:53,FTP
newFlow-dev-26-4,org-123,dev-26,119.2.119.49,coll-2,119.2.119.49,124.211.34.133,TCP,1112,75,561,35,2023-11-02 10:15:30,2023-11-02 10:15:39,DNS
newFlow-dev-26-5,org-123,dev-26,119.2.119.49,coll-2,119.2.119.49,124.211.34.133,UDP,1119,88,578,40,2023-11-02 10:16:15,2023-11-02 10:16:25,SMTP
newFlow-dev-26-6,org-123,dev-26,119.2.119.49,coll-2,119.2.119.49,124.211.34.133,ICMP,1126,101,595,45,2023-11-02 10:17:00,2023-11-02 10:17:11,HTTP
newFlow-dev-27-1,org-123,dev-27,124.211.34.133,coll-2,124.211.34.133,128.138.81.32,TCP,1092,36,510,20,2023-11-02 10:17:30,2023-11-02 10:17:36,HTTPS
newFlow-dev-27-2,org-123,dev-27,124.211.34.133,coll-2,124.211.34.133,128.138.81.32,UDP,1099,49,527,25,2023-11-02 10:18:15,2023-11-02 10:18:22,SSH
newFlow-dev-27-3,org-123,dev-27,124.211.34.133,coll-2,124.211.34.133,128.138.81.32,ICMP,1106,62,544,30,2023-11-02 10:19:00,2023-11-02 10:19:08,FTP
newFlow-dev-27-4,org-123,dev-27,124.211.34.133,coll-2,124.211.34.133,128.138.81.32,TCP,1113,75,561,35,2023-11-02 10:19:45,2023-11-02 10:19:54,DNS
newFlow-dev-27-5,org-123,dev-27,124.211.34.133,coll-2,124.211.34.133,128.138.81.32,UDP,1120,88,578,40,2023-11-02 10:20:30,2023-11-02 10:20:40,SMTP
newFlow-dev-28-1,org-123,dev-28,128.138.81.32,coll-2,128.138.81.32,129.10.113.1,TCP,1093,36,510,20,2023-11-02 10:21:15,2023-11-02 10:21:21,HTTPS
newFlow-dev-28-2,org-123,dev-28,128.138.81.32,coll-2,128.138.81.32,129.10.113.1,UDP,1100,49,527,25,2023-11-02 10:22:00,2023-11-02 10:22:07,SSH
newFlow-dev-28-3,org-123,dev-28,128.138.81.32,coll-2,128.138.81.32,129.10.113.1,ICMP,1107,62,544,30,2023-11-02 10:22:45,2023-11-02 10:22:53,FTP
newFlow-dev-28-4,org-123,dev-28,128.138.81.32,coll-2,128.138.81.32,129.10.113.1,TCP,1114,75,561,35,2023-11-02 10:23:30,2023-11-02 10:23:39,DNS
newFlow-dev-28-5,org-123,dev-28,128.138.81.32,coll-2,128.138.81.32,129.10.113.1,UDP,1121,88,578,40,2023-11-02 10:24:15,2023-11-02 10:24:25,SMTP
newFlow-dev-29-1,org-123,dev-29,129.10.113.1,coll-2,129.10.113.1,129.143.136.29,TCP,1094,36,510,20,2023-11-02 10:24:45,2023-11-02 10:24:51,HTTPS
newFlow-dev-29-2,org-123,dev-29,129.10.113.1,coll-2,129.10.113.1,129.143.136.29,UDP,1101,49,527,25,2023-11-02 10:25:30,2023-11-02 10:25:37,SSH
newFlow-dev-29-3,org-123,dev-29,129.10.113.1,coll-2,129.10.113.1,129.143.136.29,ICMP,1108,62,544,30,2023-11-02 10:26:15,2023-11-02 10:26:23,FTP
newFlow-dev-29-4,org-123,dev-29,129.10.113.1,coll-2,129.10.113.1,129.143.136.29,TCP,1115,75,561,35,2023-11-02 10:27:00,2023-11-02 10:27:09,DNS
newFlow-dev-29-5,org-123,dev-29,129.10.113.1,coll-2,129.10.113.1,129.143.136.29,UDP,1122,88,578,40,2023-11-02 10:27:45,2023-11-02 10:27:55,SMTP
newFlow-dev-29-6,org-123,dev-29,129.10.113.1,coll-2,129.10.113.1,129.143.136.29,ICMP,1129,101,595,45,2023-11-02 10:28:30,2023-11-02 10:28:41,HTTP
newFlow-dev-30-1,org-123,dev-30,129.143.136.29,coll-2,129.143.136.29,101.98.5.12,TCP,1095,36,510,20,2023-11-02 10:29:15,2023-11-02 10:29:21,HTTPS
newFlow-dev-30-2,org-123,dev-30,129.143.136.29,coll-2,129.143.136.29,101.98.5.12,UDP,1102,49,527,25,2023-11-02 10:30:00,2023-11-02 10:30:07,SSH
newFlow-dev-30-3,org-123,dev-30,129.143.136.29,coll-2,129.143.136.29,101.98.5.12,ICMP,1109,62,544,30,2023-11-02 10:30:45,2023-11-02 10:30:53,FTP
newFlow-dev-30-4,org-123,dev-30,129.143.136.29,coll-2,129.143.136.29,101.98.5.12,TCP,1116,75,561,35,2023-11-02 10:31:30,2023-11-02 10:31:39,DNS
newFlow-dev-30-5,org-123,dev-30,129.143.136.29,coll-2,129.143.136.29,101.98.5.12,UDP,1123,88,578,40,2023-11-02 10:32:15,2023-11-02 10:32:25,SMTP
newFlow-dev-30-6,org-123,dev-30,129.143.136.29,coll-2,129.143.136.29,101.98.5.12,ICMP,1130,101,595,45,2023-11-02 10:33:00,2023-11-02 10:33:11,HTTP
